{"_runtime":285.178782531,"_wandb":{"runtime":300},"_step":6,"train/loss":5.228337287902832,"epoch":0,"trainer/global_step":699,"_timestamp":1.7528371131385288e+09}