{"_runtime":1006.125564515,"_step":26,"train/loss":0.0743064358830452,"epoch":0,"trainer/global_step":2699,"_wandb":{"runtime":1040},"_timestamp":1.752715269168355e+09}