{"_timestamp":1.7528347048391402e+09,"_runtime":15.445059414,"_step":0,"_wandb":{"runtime":23},"train/loss":7.527445316314697,"epoch":0,"trainer/global_step":99}