{"epoch":0,"trainer/global_step":99,"_wandb":{"runtime":23680},"_timestamp":1.752716144004213e+09,"_runtime":45.404471306,"_step":0,"train/loss":2.119035005569458}