{"_runtime":40.153363561,"_step":0,"_wandb":{"runtime":672},"train/loss":2.1392924785614014,"epoch":0,"trainer/global_step":99,"_timestamp":1.7527398778548038e+09}