{"trainer/global_step":99,"_timestamp":1.7528352262103496e+09,"_runtime":14.327793876,"_wandb":{"runtime":24},"_step":0,"train/loss":7.53041410446167,"epoch":0}