{"epoch":0,"trainer/global_step":99,"_timestamp":1.7528340796025743e+09,"_wandb":{"runtime":25},"_runtime":15.836849234,"_step":0,"train/loss":7.385656356811523}