{"_step":17,"train/loss":5.604969024658203,"_wandb":{"runtime":1131},"epoch":0,"trainer/global_step":1799,"_timestamp":1.7528366279876287e+09,"_runtime":1089.042680102}