{"epoch":0,"trainer/global_step":2399,"_wandb":{"runtime":1844},"_timestamp":1.7533090172632203e+09,"_runtime":1791.12119578,"_step":23,"train/loss":7.383999347686768}