{"epoch":0,"trainer/global_step":1099,"_timestamp":1.752715749334068e+09,"_runtime":421.33719498,"_step":10,"_wandb":{"runtime":429},"train/loss":0.5714846253395081}