{"_runtime":85.98229324,"_step":1,"train/loss":1.9756460189819336,"epoch":0,"trainer/global_step":199,"_wandb":{"runtime":281},"_timestamp":1.7527158629318573e+09}